<?xml version="1.0" encoding="UTF-8" ?>
<!DOCTYPE mapper
  PUBLIC "-//mybatis.org//DTD Mapper 3.0//EN"
  "http://mybatis.org/dtd/mybatis-3-mapper.dtd">
<mapper namespace="lab.mybatis.mapper.CommentMapper">
	<select id="getCommentList" resultType="lab.spring.parking.model.CommentVO">
		select * from woowa_comment
	</select>
	<insert id='addComment' parameterType='lab.spring.parking.model.CommentVO'>
		 insert into woowa_comment(cid, markerid, writer, idate, contents, password) values (cid_seq.nextval, #{markerid}, #{writer}, sysdate ,#{contents}, #{password})
	</insert>
	<update id="modifyComment" parameterType='lab.spring.parking.model.CommentVO'>
		update woowa_comment set idate=sysdate, contents=#{contents}
	</update>
	<delete id ="deleteComment" parameterType='lab.spring.parking.model.CommentVO'>
		delete woowa_comment where cid=#{cid} and password=#{password}
	</delete>
</mapper>